transaction_id,store_id,pos_id,date,product_id,quantity,sale_price,payment_method
TXN00001,Store_Mumbai_01,POS_7,2025-05-01,P036,2,84.85,UPI
TXN00002,Store_Bangalore_01,POS_8,2026-01-30,P097,3,3377.26,Cash
TXN00003,Store_Delhi_01,POS_8,2025-08-11,P052,4,3064.99,Cash
TXN00004,Store_Mumbai_01,POS_6,2025-08-12,P086,2,4734.33,Cash
TXN00005,Store_Bangalore_01,POS_2,2025-09-19,P006,5,250.11,UPI
TXN00006,Store_Mumbai_01,POS_7,2026-02-08,P040,4,2406.55,Cash
TXN00007,Store_Bangalore_01,POS_10,2026-01-19,P025,5,2278.03,Cash
TXN00008,Store_Delhi_01,POS_10,2025-08-18,P087,4,1229.58,Card
TXN00009,Store_Delhi_01,POS_2,2025-05-07,P058,2,1468.58,UPI
TXN00010,Store_Delhi_01,POS_3,2025-01-14,P037,5,1967.63,Cash
TXN00011,Store_Mumbai_01,POS_9,2025-11-16,P055,1,4163.29,UPI
TXN00012,Store_Delhi_01,POS_10,2026-01-04,P001,5,1356.78,Cash
TXN00013,Store_Delhi_01,POS_1,2025-09-22,P015,2,4360.42,Cash
TXN00014,Store_Delhi_01,POS_3,2025-06-26,P015,3,4360.42,UPI
TXN00015,Store_Bangalore_01,POS_4,2025-08-31,P004,3,3467.46,UPI
TXN00016,Store_Delhi_01,POS_2,2025-12-12,P058,4,1468.58,Card
TXN00017,Store_Bangalore_01,POS_5,2025-12-24,P020,5,2166.4,Cash
TXN00018,Store_Bangalore_01,POS_1,2025-03-21,P097,2,3377.26,Cash
TXN00019,Store_Bangalore_01,POS_5,2025-01-04,P049,1,320.41,UPI
TXN00020,Store_Delhi_01,POS_3,2025-04-04,P003,1,2646.14,Cash
TXN00021,Store_Delhi_01,POS_1,2025-11-17,P047,2,651.78,UPI
TXN00022,Store_Delhi_01,POS_5,2025-06-04,P045,1,4088.84,Cash
TXN00023,Store_Delhi_01,POS_5,2025-06-13,P029,5,4439.3,UPI
TXN00024,Store_Delhi_01,POS_6,2025-08-28,P062,1,553.22,Cash
TXN00025,Store_Bangalore_01,POS_6,2025-05-18,P097,1,3377.26,Cash
TXN00026,Store_Bangalore_01,POS_2,2025-07-19,P040,1,2406.55,Cash
TXN00027,Store_Delhi_01,POS_9,2025-10-01,P016,5,1605.31,Card
TXN00028,Store_Bangalore_01,POS_10,2025-10-07,P032,4,1564.49,Card
TXN00029,Store_Delhi_01,POS_9,2025-08-11,P098,4,15.76,Cash
TXN00030,Store_Mumbai_01,POS_6,2025-11-23,P095,3,1962.77,Cash
TXN00031,Store_Mumbai_01,POS_4,2026-01-14,P048,1,3557.52,Card
TXN00032,Store_Mumbai_01,POS_7,2026-01-14,P011,3,4386.11,UPI
TXN00033,Store_Bangalore_01,POS_7,2025-06-23,P039,1,1346.7,UPI
TXN00034,Store_Bangalore_01,POS_6,2025-07-29,P030,5,1483.31,Cash
TXN00035,Store_Bangalore_01,POS_4,2025-02-21,P036,1,84.85,Cash
TXN00036,Store_Delhi_01,POS_6,2026-02-12,P056,5,1771.35,UPI
TXN00037,Store_Delhi_01,POS_10,2025-05-02,P051,3,758.69,UPI
TXN00038,Store_Delhi_01,POS_8,2025-05-12,P088,5,4557.3,Cash
TXN00039,Store_Delhi_01,POS_10,2025-08-11,P029,5,4439.3,Card
TXN00040,Store_Bangalore_01,POS_10,2025-08-26,P001,4,1356.78,Cash
TXN00041,Store_Mumbai_01,POS_9,2025-01-31,P087,5,1229.58,UPI
TXN00042,Store_Mumbai_01,POS_3,2025-02-10,P019,5,4981.71,UPI
TXN00043,Store_Bangalore_01,POS_4,2025-03-12,P078,4,4782.47,UPI
TXN00044,Store_Mumbai_01,POS_7,2025-12-19,P005,2,2640.71,Cash
TXN00045,Store_Delhi_01,POS_9,2025-09-17,P051,3,758.69,Cash
TXN00046,Store_Mumbai_01,POS_8,2025-02-03,P016,3,1605.31,UPI
TXN00047,Store_Mumbai_01,POS_6,2026-01-31,P073,5,1614.48,Cash
TXN00048,Store_Bangalore_01,POS_10,2025-01-20,P062,5,553.22,Cash
TXN00049,Store_Delhi_01,POS_1,2025-08-25,P051,4,758.69,UPI
TXN00050,Store_Mumbai_01,POS_2,2025-08-03,P084,2,4491.85,Card
TXN00051,Store_Mumbai_01,POS_2,2025-11-18,P068,2,1191.66,Cash
TXN00052,Store_Bangalore_01,POS_4,2026-01-26,P047,3,651.78,Cash
TXN00053,Store_Bangalore_01,POS_2,2025-12-30,P018,4,2699.14,Card
TXN00054,Store_Mumbai_01,POS_9,2026-02-02,P093,2,3440.84,Cash
TXN00055,Store_Delhi_01,POS_8,2025-03-13,P088,4,4557.3,Cash
TXN00056,Store_Bangalore_01,POS_5,2025-01-02,P086,3,4734.33,Card
TXN00057,Store_Delhi_01,POS_4,2025-08-07,P097,2,3377.26,Cash
TXN00058,Store_Bangalore_01,POS_7,2025-09-01,P011,2,4386.11,UPI
TXN00059,Store_Delhi_01,POS_1,2025-03-29,P099,2,3828.05,Card
TXN00060,Store_Delhi_01,POS_6,2025-02-09,P094,3,4655.55,Card
TXN00061,Store_Delhi_01,POS_4,2025-10-27,P011,5,4386.11,Card
TXN00062,Store_Bangalore_01,POS_3,2025-08-22,P018,3,2699.14,Cash
TXN00063,Store_Bangalore_01,POS_1,2026-01-21,P066,3,2359.93,Card
TXN00064,Store_Mumbai_01,POS_9,2026-01-23,P091,4,3019.07,Cash
TXN00065,Store_Mumbai_01,POS_1,2025-05-22,P039,5,1346.7,Cash
TXN00066,Store_Delhi_01,POS_7,2026-01-25,P085,1,2843.37,Card
TXN00067,Store_Bangalore_01,POS_4,2025-03-05,P016,2,1605.31,Cash
TXN00068,Store_Bangalore_01,POS_7,2025-04-24,P081,4,1290.12,Cash
TXN00069,Store_Delhi_01,POS_5,2025-06-04,P057,2,1646.77,UPI
TXN00070,Store_Bangalore_01,POS_2,2025-12-12,P030,4,1483.31,Cash
TXN00071,Store_Delhi_01,POS_1,2025-10-25,P046,5,1848.05,UPI
TXN00072,Store_Delhi_01,POS_6,2025-11-09,P031,1,719.35,Card
TXN00073,Store_Delhi_01,POS_3,2025-01-28,P053,4,1113.79,UPI
TXN00074,Store_Mumbai_01,POS_4,2025-04-28,P069,3,344.78,UPI
TXN00075,Store_Mumbai_01,POS_4,2026-01-11,P086,3,4734.33,Card
TXN00076,Store_Delhi_01,POS_8,2026-01-04,P023,1,4944.22,Cash
TXN00077,Store_Mumbai_01,POS_7,2025-06-10,P006,1,250.11,UPI
TXN00078,Store_Delhi_01,POS_1,2025-05-28,P029,4,4439.3,Cash
TXN00079,Store_Mumbai_01,POS_7,2025-11-24,P067,5,3023.19,Cash
TXN00080,Store_Mumbai_01,POS_9,2025-02-13,P089,4,907.88,Cash
TXN00081,Store_Bangalore_01,POS_1,2025-07-07,P045,3,4088.84,UPI
TXN00082,Store_Mumbai_01,POS_8,2025-04-01,P088,1,4557.3,UPI
TXN00083,Store_Delhi_01,POS_10,2025-03-11,P055,4,4163.29,Card
TXN00084,Store_Mumbai_01,POS_4,2025-01-12,P021,2,3713.02,UPI
TXN00085,Store_Bangalore_01,POS_1,2025-12-28,P063,5,1767.29,Card
TXN00086,Store_Mumbai_01,POS_8,2025-11-04,P075,4,4079.18,Cash
TXN00087,Store_Bangalore_01,POS_6,2026-02-11,P063,3,1767.29,Card
TXN00088,Store_Delhi_01,POS_3,2025-07-28,P079,5,601.78,Card
TXN00089,Store_Bangalore_01,POS_10,2025-07-20,P051,5,758.69,Card
TXN00090,Store_Mumbai_01,POS_1,2025-11-14,P041,4,948.59,UPI
TXN00091,Store_Delhi_01,POS_10,2025-01-11,P043,1,2697.77,Card
TXN00092,Store_Bangalore_01,POS_2,2025-07-16,P070,5,2672.37,Card
TXN00093,Store_Mumbai_01,POS_9,2025-10-10,P072,3,2359.96,Cash
TXN00094,Store_Mumbai_01,POS_4,2025-06-11,P008,4,1283.94,UPI
TXN00095,Store_Delhi_01,POS_10,2025-01-12,P087,5,1229.58,Cash
TXN00096,Store_Bangalore_01,POS_7,2025-01-25,P074,4,69.43,Cash
TXN00097,Store_Bangalore_01,POS_10,2025-12-30,P084,3,4491.85,UPI
TXN00098,Store_Mumbai_01,POS_8,2025-12-27,P012,5,3153.72,UPI
TXN00099,Store_Mumbai_01,POS_3,2025-08-17,P045,4,4088.84,Cash
TXN00100,Store_Mumbai_01,POS_1,2025-11-28,P091,2,3019.07,Card
TXN00101,Store_Mumbai_01,POS_1,2025-05-24,P063,2,1767.29,Cash
TXN00102,Store_Delhi_01,POS_5,2025-06-18,P080,5,496.75,Card
TXN00103,Store_Mumbai_01,POS_2,2025-09-21,P027,1,1776.48,UPI
TXN00104,Store_Mumbai_01,POS_8,2025-01-17,P098,1,15.76,UPI
TXN00105,Store_Delhi_01,POS_9,2025-07-29,P088,4,4557.3,Card
TXN00106,Store_Delhi_01,POS_2,2025-02-19,P049,4,320.41,UPI
TXN00107,Store_Delhi_01,POS_7,2025-06-18,P050,3,2806.54,UPI
TXN00108,Store_Mumbai_01,POS_6,2025-12-24,P078,4,4782.47,Cash
TXN00109,Store_Bangalore_01,POS_9,2025-09-25,P087,5,1229.58,Card
TXN00110,Store_Bangalore_01,POS_5,2025-06-02,P034,5,390.05,Card
TXN00111,Store_Bangalore_01,POS_6,2025-08-29,P050,3,2806.54,Card
TXN00112,Store_Mumbai_01,POS_5,2025-06-02,P015,1,4360.42,Cash
TXN00113,Store_Delhi_01,POS_5,2025-11-08,P078,1,4782.47,Card
TXN00114,Store_Bangalore_01,POS_4,2025-05-07,P044,5,4945.34,Card
TXN00115,Store_Delhi_01,POS_6,2025-04-22,P006,5,250.11,Card
TXN00116,Store_Delhi_01,POS_10,2026-01-27,P025,5,2278.03,Card
TXN00117,Store_Mumbai_01,POS_3,2026-02-10,P061,4,2467.54,Card
TXN00118,Store_Delhi_01,POS_6,2025-10-02,P016,4,1605.31,UPI
TXN00119,Store_Bangalore_01,POS_10,2025-03-20,P016,1,1605.31,UPI
TXN00120,Store_Bangalore_01,POS_1,2025-11-04,P097,2,3377.26,Card
TXN00121,Store_Bangalore_01,POS_4,2025-03-24,P049,5,320.41,UPI
TXN00122,Store_Delhi_01,POS_4,2025-02-21,P021,1,3713.02,UPI
TXN00123,Store_Mumbai_01,POS_3,2025-11-02,P027,3,1776.48,Cash
TXN00124,Store_Bangalore_01,POS_10,2025-12-25,P003,2,2646.14,Card
TXN00125,Store_Mumbai_01,POS_2,2025-09-13,P039,4,1346.7,Card
TXN00126,Store_Bangalore_01,POS_7,2025-09-10,P090,1,2672.16,Card
TXN00127,Store_Mumbai_01,POS_8,2025-01-09,P088,2,4557.3,UPI
TXN00128,Store_Bangalore_01,POS_2,2025-10-03,P009,2,422.17,Card
TXN00129,Store_Delhi_01,POS_9,2026-01-22,P011,2,4386.11,Cash
TXN00130,Store_Delhi_01,POS_2,2025-10-13,P068,5,1191.66,UPI
TXN00131,Store_Bangalore_01,POS_5,2025-10-20,P010,3,378.22,UPI
TXN00132,Store_Bangalore_01,POS_8,2025-07-26,P015,4,4360.42,Card
TXN00133,Store_Mumbai_01,POS_4,2025-03-06,P028,3,594.93,Cash
TXN00134,Store_Mumbai_01,POS_7,2025-02-16,P097,2,3377.26,Cash
TXN00135,Store_Mumbai_01,POS_9,2026-01-02,P029,3,4439.3,UPI
TXN00136,Store_Delhi_01,POS_7,2025-06-23,P074,1,69.43,Card
TXN00137,Store_Bangalore_01,POS_5,2025-11-09,P075,4,4079.18,Cash
TXN00138,Store_Mumbai_01,POS_9,2025-06-16,P032,1,1564.49,UPI
TXN00139,Store_Bangalore_01,POS_2,2025-04-22,P067,1,3023.19,Card
TXN00140,Store_Bangalore_01,POS_8,2025-09-01,P015,1,4360.42,Cash
TXN00141,Store_Bangalore_01,POS_9,2025-01-12,P093,5,3440.84,Card
TXN00142,Store_Mumbai_01,POS_2,2026-01-22,P009,2,422.17,Cash
TXN00143,Store_Delhi_01,POS_8,2025-10-27,P027,4,1776.48,UPI
TXN00144,Store_Bangalore_01,POS_4,2025-11-09,P015,5,4360.42,Card
TXN00145,Store_Delhi_01,POS_8,2025-11-13,P088,1,4557.3,Cash
TXN00146,Store_Bangalore_01,POS_4,2025-08-31,P045,2,4088.84,Cash
TXN00147,Store_Mumbai_01,POS_2,2025-04-16,P004,3,3467.46,UPI
TXN00148,Store_Delhi_01,POS_10,2025-01-04,P054,3,1902.47,Cash
TXN00149,Store_Delhi_01,POS_9,2026-01-11,P037,5,1967.63,UPI
TXN00150,Store_Mumbai_01,POS_2,2025-08-17,P072,4,2359.96,Card
TXN00151,Store_Delhi_01,POS_2,2025-07-11,P078,3,4782.47,Cash
TXN00152,Store_Bangalore_01,POS_6,2025-04-15,P028,2,594.93,UPI
TXN00153,Store_Bangalore_01,POS_9,2025-08-13,P056,3,1771.35,Cash
TXN00154,Store_Bangalore_01,POS_4,2026-01-25,P046,3,1848.05,Card
TXN00155,Store_Bangalore_01,POS_3,2025-02-10,P094,1,4655.55,Card
TXN00156,Store_Delhi_01,POS_3,2025-04-24,P016,4,1605.31,Cash
TXN00157,Store_Mumbai_01,POS_2,2025-01-25,P032,5,1564.49,Card
TXN00158,Store_Mumbai_01,POS_6,2025-11-07,P060,1,2234.75,Card
TXN00159,Store_Mumbai_01,POS_6,2025-08-16,P045,2,4088.84,Cash
TXN00160,Store_Delhi_01,POS_10,2026-01-16,P070,5,2672.37,Card
TXN00161,Store_Delhi_01,POS_2,2025-06-09,P015,1,4360.42,Card
TXN00162,Store_Bangalore_01,POS_2,2025-11-19,P040,2,2406.55,Cash
TXN00163,Store_Delhi_01,POS_10,2025-11-28,P001,4,1356.78,Cash
TXN00164,Store_Mumbai_01,POS_5,2025-03-09,P014,3,3884.14,UPI
TXN00165,Store_Bangalore_01,POS_10,2025-05-26,P089,2,907.88,Card
TXN00166,Store_Bangalore_01,POS_3,2025-10-18,P043,3,2697.77,Cash
TXN00167,Store_Delhi_01,POS_10,2025-05-27,P084,4,4491.85,UPI
TXN00168,Store_Delhi_01,POS_6,2025-09-17,P031,3,719.35,Cash
TXN00169,Store_Bangalore_01,POS_9,2025-01-20,P100,2,469.89,Card
TXN00170,Store_Bangalore_01,POS_3,2026-01-26,P016,2,1605.31,Card
TXN00171,Store_Bangalore_01,POS_7,2025-09-08,P011,3,4386.11,Cash
TXN00172,Store_Mumbai_01,POS_1,2025-12-13,P061,4,2467.54,Card
TXN00173,Store_Delhi_01,POS_5,2025-12-14,P029,3,4439.3,Card
TXN00174,Store_Bangalore_01,POS_10,2025-01-21,P099,4,3828.05,Cash
TXN00175,Store_Mumbai_01,POS_1,2025-08-29,P034,3,390.05,Card
TXN00176,Store_Delhi_01,POS_10,2025-09-15,P053,2,1113.79,Card
TXN00177,Store_Delhi_01,POS_2,2025-02-28,P011,5,4386.11,Cash
TXN00178,Store_Delhi_01,POS_4,2025-05-28,P010,3,378.22,UPI
TXN00179,Store_Mumbai_01,POS_7,2025-06-25,P086,1,4734.33,UPI
TXN00180,Store_Delhi_01,POS_3,2025-03-02,P090,1,2672.16,Card
TXN00181,Store_Mumbai_01,POS_3,2025-02-24,P081,1,1290.12,UPI
TXN00182,Store_Mumbai_01,POS_8,2025-09-25,P041,5,948.59,Card
TXN00183,Store_Bangalore_01,POS_2,2026-02-06,P068,1,1191.66,Card
TXN00184,Store_Delhi_01,POS_3,2025-05-26,P080,2,496.75,Card
TXN00185,Store_Delhi_01,POS_4,2025-02-14,P090,2,2672.16,UPI
TXN00186,Store_Mumbai_01,POS_4,2025-04-01,P023,1,4944.22,Card
TXN00187,Store_Mumbai_01,POS_3,2025-11-03,P037,1,1967.63,UPI
TXN00188,Store_Delhi_01,POS_4,2025-12-09,P044,3,4945.34,Cash
TXN00189,Store_Delhi_01,POS_1,2025-05-09,P076,4,4977.84,Cash
TXN00190,Store_Delhi_01,POS_2,2025-05-27,P032,3,1564.49,UPI
TXN00191,Store_Bangalore_01,POS_2,2025-01-14,P029,3,4439.3,Card
TXN00192,Store_Delhi_01,POS_9,2025-09-08,P018,2,2699.14,UPI
TXN00193,Store_Delhi_01,POS_8,2025-07-09,P028,1,594.93,UPI
TXN00194,Store_Bangalore_01,POS_4,2025-04-12,P085,1,2843.37,Cash
TXN00195,Store_Bangalore_01,POS_8,2025-12-03,P010,1,378.22,Card
TXN00196,Store_Delhi_01,POS_6,2025-08-07,P020,1,2166.4,Card
TXN00197,Store_Bangalore_01,POS_6,2025-08-19,P069,5,344.78,Cash
TXN00198,Store_Mumbai_01,POS_2,2025-11-24,P031,1,719.35,Cash
TXN00199,Store_Delhi_01,POS_10,2026-01-15,P052,2,3064.99,UPI
TXN00200,Store_Mumbai_01,POS_4,2025-08-25,P031,4,719.35,UPI
TXN00201,Store_Bangalore_01,POS_2,2025-01-08,P100,5,469.89,Cash
TXN00202,Store_Bangalore_01,POS_9,2025-05-04,P019,4,4981.71,UPI
TXN00203,Store_Delhi_01,POS_2,2025-07-15,P073,3,1614.48,Card
TXN00204,Store_Mumbai_01,POS_5,2025-06-24,P041,1,948.59,Card
TXN00205,Store_Bangalore_01,POS_7,2026-01-19,P081,2,1290.12,Cash
TXN00206,Store_Bangalore_01,POS_5,2025-01-28,P088,1,4557.3,Card
TXN00207,Store_Delhi_01,POS_6,2025-11-19,P035,4,296.76,Card
TXN00208,Store_Mumbai_01,POS_4,2025-12-27,P056,5,1771.35,Cash
TXN00209,Store_Mumbai_01,POS_6,2026-01-12,P074,5,69.43,Cash
TXN00210,Store_Mumbai_01,POS_8,2025-07-14,P044,2,4945.34,Card
TXN00211,Store_Bangalore_01,POS_6,2025-04-17,P055,1,4163.29,UPI
TXN00212,Store_Delhi_01,POS_5,2025-02-13,P005,2,2640.71,Cash
TXN00213,Store_Mumbai_01,POS_3,2025-08-13,P058,4,1468.58,UPI
TXN00214,Store_Bangalore_01,POS_9,2025-06-19,P097,5,3377.26,Cash
TXN00215,Store_Delhi_01,POS_1,2025-12-25,P070,2,2672.37,Cash
TXN00216,Store_Delhi_01,POS_4,2025-09-01,P092,5,1114.4,Cash
TXN00217,Store_Bangalore_01,POS_3,2025-04-14,P046,4,1848.05,Cash
TXN00218,Store_Mumbai_01,POS_4,2025-02-14,P013,2,166.29,Cash
TXN00219,Store_Bangalore_01,POS_2,2025-03-07,P077,4,1671.32,Card
TXN00220,Store_Delhi_01,POS_10,2025-08-05,P053,4,1113.79,Cash
TXN00221,Store_Delhi_01,POS_8,2025-07-21,P017,5,3007.57,UPI
TXN00222,Store_Delhi_01,POS_2,2025-01-12,P015,3,4360.42,Card
TXN00223,Store_Delhi_01,POS_2,2025-01-01,P067,4,3023.19,Cash
TXN00224,Store_Bangalore_01,POS_7,2025-10-28,P005,3,2640.71,UPI
TXN00225,Store_Bangalore_01,POS_6,2025-07-24,P086,2,4734.33,Card
TXN00226,Store_Bangalore_01,POS_1,2026-02-01,P011,3,4386.11,Cash
TXN00227,Store_Bangalore_01,POS_8,2025-01-21,P034,4,390.05,Cash
TXN00228,Store_Bangalore_01,POS_2,2025-02-10,P004,5,3467.46,Card
TXN00229,Store_Delhi_01,POS_3,2025-09-12,P017,4,3007.57,UPI
TXN00230,Store_Mumbai_01,POS_9,2025-10-29,P082,1,1844.68,Cash
TXN00231,Store_Delhi_01,POS_3,2025-04-07,P079,1,601.78,UPI
TXN00232,Store_Mumbai_01,POS_4,2025-07-18,P010,2,378.22,Cash
TXN00233,Store_Mumbai_01,POS_5,2025-05-27,P075,5,4079.18,UPI
TXN00234,Store_Mumbai_01,POS_1,2025-09-11,P031,5,719.35,Cash
TXN00235,Store_Mumbai_01,POS_4,2025-03-17,P069,5,344.78,Card
TXN00236,Store_Mumbai_01,POS_10,2025-05-16,P078,2,4782.47,Card
TXN00237,Store_Delhi_01,POS_8,2025-12-02,P084,5,4491.85,Card
TXN00238,Store_Bangalore_01,POS_10,2025-10-06,P093,5,3440.84,UPI
TXN00239,Store_Delhi_01,POS_2,2025-07-03,P086,4,4734.33,Card
TXN00240,Store_Mumbai_01,POS_10,2025-06-08,P016,4,1605.31,UPI
TXN00241,Store_Mumbai_01,POS_6,2025-11-30,P030,5,1483.31,Cash
TXN00242,Store_Delhi_01,POS_9,2025-06-07,P071,4,32.35,UPI
TXN00243,Store_Mumbai_01,POS_2,2026-01-09,P009,5,422.17,Cash
TXN00244,Store_Mumbai_01,POS_6,2025-01-28,P087,5,1229.58,UPI
TXN00245,Store_Bangalore_01,POS_5,2025-06-20,P077,2,1671.32,Cash
TXN00246,Store_Bangalore_01,POS_2,2025-05-12,P013,2,166.29,Cash
TXN00247,Store_Bangalore_01,POS_6,2025-10-17,P002,1,3751.96,Cash
TXN00248,Store_Bangalore_01,POS_8,2025-06-11,P045,5,4088.84,UPI
TXN00249,Store_Mumbai_01,POS_4,2025-09-05,P083,4,3011.96,Card
TXN00250,Store_Mumbai_01,POS_9,2026-01-02,P018,2,2699.14,UPI
TXN00251,Store_Bangalore_01,POS_9,2025-07-23,P024,2,3221.64,Cash
TXN00252,Store_Bangalore_01,POS_10,2025-10-28,P086,3,4734.33,UPI
TXN00253,Store_Delhi_01,POS_8,2025-05-06,P044,4,4945.34,Cash
TXN00254,Store_Bangalore_01,POS_5,2025-05-10,P004,1,3467.46,Card
TXN00255,Store_Bangalore_01,POS_3,2025-11-04,P011,4,4386.11,UPI
TXN00256,Store_Bangalore_01,POS_10,2025-05-30,P047,5,651.78,Card
TXN00257,Store_Mumbai_01,POS_4,2026-01-19,P084,1,4491.85,Card
TXN00258,Store_Mumbai_01,POS_6,2025-10-24,P029,4,4439.3,UPI
TXN00259,Store_Mumbai_01,POS_1,2026-01-01,P087,3,1229.58,Cash
TXN00260,Store_Bangalore_01,POS_1,2026-01-05,P100,2,469.89,Card
TXN00261,Store_Mumbai_01,POS_5,2025-06-28,P012,4,3153.72,UPI
TXN00262,Store_Bangalore_01,POS_1,2025-01-09,P053,5,1113.79,Card
TXN00263,Store_Bangalore_01,POS_7,2025-04-17,P009,4,422.17,UPI
TXN00264,Store_Mumbai_01,POS_7,2025-07-27,P060,5,2234.75,Cash
TXN00265,Store_Mumbai_01,POS_3,2025-05-09,P048,4,3557.52,Cash
TXN00266,Store_Mumbai_01,POS_9,2025-09-18,P087,2,1229.58,Card
TXN00267,Store_Delhi_01,POS_4,2025-07-14,P025,4,2278.03,Card
TXN00268,Store_Bangalore_01,POS_2,2025-06-20,P082,2,1844.68,UPI
TXN00269,Store_Bangalore_01,POS_6,2025-12-21,P084,1,4491.85,Cash
TXN00270,Store_Bangalore_01,POS_10,2025-01-23,P034,3,390.05,Cash
TXN00271,Store_Delhi_01,POS_4,2025-05-07,P036,3,84.85,UPI
TXN00272,Store_Delhi_01,POS_4,2025-12-27,P092,3,1114.4,Cash
TXN00273,Store_Delhi_01,POS_7,2025-06-10,P023,5,4944.22,UPI
TXN00274,Store_Mumbai_01,POS_1,2025-10-15,P033,4,2501.03,UPI
TXN00275,Store_Bangalore_01,POS_9,2025-07-26,P044,2,4945.34,Card
TXN00276,Store_Delhi_01,POS_4,2025-11-02,P034,3,390.05,Cash
TXN00277,Store_Mumbai_01,POS_4,2025-04-15,P097,1,3377.26,UPI
TXN00278,Store_Mumbai_01,POS_6,2025-06-02,P041,4,948.59,UPI
TXN00279,Store_Bangalore_01,POS_5,2025-07-25,P096,2,262.76,UPI
TXN00280,Store_Mumbai_01,POS_6,2025-05-09,P013,1,166.29,Card
TXN00281,Store_Delhi_01,POS_8,2025-01-13,P053,2,1113.79,UPI
TXN00282,Store_Bangalore_01,POS_3,2025-03-07,P034,4,390.05,UPI
TXN00283,Store_Mumbai_01,POS_7,2026-01-10,P086,3,4734.33,Cash
TXN00284,Store_Mumbai_01,POS_2,2025-11-28,P026,2,2909.28,Card
TXN00285,Store_Mumbai_01,POS_5,2025-03-01,P013,2,166.29,Cash
TXN00286,Store_Delhi_01,POS_9,2025-09-20,P036,4,84.85,Card
TXN00287,Store_Delhi_01,POS_7,2025-12-11,P036,4,84.85,Cash
TXN00288,Store_Delhi_01,POS_10,2025-10-13,P036,1,84.85,Cash
TXN00289,Store_Delhi_01,POS_10,2025-10-26,P014,3,3884.14,Card
TXN00290,Store_Bangalore_01,POS_8,2025-01-13,P051,3,758.69,Cash
TXN00291,Store_Bangalore_01,POS_10,2025-06-19,P022,4,1521.38,Cash
TXN00292,Store_Mumbai_01,POS_6,2026-01-26,P020,2,2166.4,UPI
TXN00293,Store_Delhi_01,POS_4,2025-07-19,P050,2,2806.54,Card
TXN00294,Store_Bangalore_01,POS_6,2025-08-26,P051,2,758.69,Cash
TXN00295,Store_Mumbai_01,POS_5,2025-10-22,P012,5,3153.72,Card
TXN00296,Store_Bangalore_01,POS_1,2025-03-10,P054,5,1902.47,UPI
TXN00297,Store_Mumbai_01,POS_3,2025-09-10,P096,5,262.76,Cash
TXN00298,Store_Delhi_01,POS_2,2025-10-23,P075,4,4079.18,UPI
TXN00299,Store_Mumbai_01,POS_8,2025-05-15,P020,2,2166.4,Cash
TXN00300,Store_Delhi_01,POS_1,2026-01-03,P086,5,4734.33,Cash
TXN00301,Store_Delhi_01,POS_1,2025-10-01,P075,3,4079.18,Card
TXN00302,Store_Delhi_01,POS_3,2025-06-27,P071,1,32.35,Cash
TXN00303,Store_Delhi_01,POS_6,2025-04-20,P002,2,3751.96,UPI
TXN00304,Store_Bangalore_01,POS_10,2025-08-06,P052,1,3064.99,Cash
TXN00305,Store_Mumbai_01,POS_3,2026-01-19,P087,4,1229.58,Cash
TXN00306,Store_Mumbai_01,POS_5,2025-02-12,P022,4,1521.38,UPI
TXN00307,Store_Mumbai_01,POS_8,2025-09-19,P062,5,553.22,Cash
TXN00308,Store_Bangalore_01,POS_5,2025-03-29,P001,3,1356.78,Cash
TXN00309,Store_Bangalore_01,POS_1,2025-08-05,P026,1,2909.28,UPI
TXN00310,Store_Delhi_01,POS_3,2025-09-11,P073,3,1614.48,Cash
TXN00311,Store_Mumbai_01,POS_10,2025-12-09,P030,5,1483.31,UPI
TXN00312,Store_Bangalore_01,POS_1,2025-03-30,P029,3,4439.3,UPI
TXN00313,Store_Mumbai_01,POS_2,2026-02-04,P011,5,4386.11,UPI
TXN00314,Store_Bangalore_01,POS_10,2025-05-30,P091,3,3019.07,Cash
TXN00315,Store_Delhi_01,POS_4,2025-03-16,P066,3,2359.93,Card
TXN00316,Store_Mumbai_01,POS_9,2025-03-28,P015,3,4360.42,Card
TXN00317,Store_Delhi_01,POS_2,2025-04-06,P081,4,1290.12,Cash
TXN00318,Store_Mumbai_01,POS_3,2025-10-19,P019,3,4981.71,UPI
TXN00319,Store_Bangalore_01,POS_4,2025-02-14,P069,3,344.78,UPI
TXN00320,Store_Mumbai_01,POS_8,2025-03-04,P100,3,469.89,UPI
TXN00321,Store_Mumbai_01,POS_10,2026-01-14,P028,1,594.93,UPI
TXN00322,Store_Delhi_01,POS_8,2025-05-04,P041,3,948.59,Cash
TXN00323,Store_Mumbai_01,POS_4,2025-07-19,P089,3,907.88,UPI
TXN00324,Store_Delhi_01,POS_7,2025-03-24,P087,1,1229.58,Card
TXN00325,Store_Bangalore_01,POS_8,2025-09-30,P077,2,1671.32,Card
TXN00326,Store_Bangalore_01,POS_10,2025-04-02,P055,1,4163.29,Card
TXN00327,Store_Delhi_01,POS_3,2025-11-28,P094,1,4655.55,Cash
TXN00328,Store_Delhi_01,POS_9,2025-04-02,P032,1,1564.49,UPI
TXN00329,Store_Bangalore_01,POS_4,2026-01-13,P040,4,2406.55,UPI
TXN00330,Store_Mumbai_01,POS_9,2025-09-30,P089,3,907.88,Cash
TXN00331,Store_Delhi_01,POS_8,2026-01-12,P058,3,1468.58,Card
TXN00332,Store_Bangalore_01,POS_10,2025-06-01,P032,1,1564.49,Card
TXN00333,Store_Mumbai_01,POS_2,2025-10-07,P025,5,2278.03,Cash
TXN00334,Store_Mumbai_01,POS_10,2025-07-12,P048,1,3557.52,UPI
TXN00335,Store_Bangalore_01,POS_5,2025-03-26,P100,3,469.89,UPI
TXN00336,Store_Mumbai_01,POS_8,2025-02-06,P092,4,1114.4,Card
TXN00337,Store_Bangalore_01,POS_8,2025-08-30,P010,1,378.22,Card
TXN00338,Store_Mumbai_01,POS_8,2025-07-01,P091,1,3019.07,Cash
TXN00339,Store_Mumbai_01,POS_7,2025-04-14,P092,1,1114.4,Card
TXN00340,Store_Delhi_01,POS_6,2025-01-22,P074,3,69.43,Cash
TXN00341,Store_Bangalore_01,POS_7,2025-07-04,P078,1,4782.47,Card
TXN00342,Store_Mumbai_01,POS_5,2025-06-06,P072,4,2359.96,Cash
TXN00343,Store_Bangalore_01,POS_1,2025-08-19,P050,4,2806.54,UPI
TXN00344,Store_Delhi_01,POS_4,2025-02-19,P001,4,1356.78,UPI
TXN00345,Store_Bangalore_01,POS_10,2025-03-06,P070,5,2672.37,Card
TXN00346,Store_Mumbai_01,POS_5,2026-01-12,P064,5,4345.29,UPI
TXN00347,Store_Delhi_01,POS_8,2026-01-05,P016,3,1605.31,Card
TXN00348,Store_Delhi_01,POS_10,2025-01-28,P095,3,1962.77,Cash
TXN00349,Store_Delhi_01,POS_9,2025-11-13,P076,3,4977.84,UPI
TXN00350,Store_Mumbai_01,POS_3,2025-08-08,P014,5,3884.14,Cash
TXN00351,Store_Mumbai_01,POS_5,2025-10-04,P094,2,4655.55,Card
TXN00352,Store_Mumbai_01,POS_4,2025-01-02,P032,2,1564.49,UPI
TXN00353,Store_Mumbai_01,POS_9,2025-03-27,P009,2,422.17,Cash
TXN00354,Store_Bangalore_01,POS_4,2025-09-20,P076,5,4977.84,UPI
TXN00355,Store_Bangalore_01,POS_10,2025-11-11,P020,4,2166.4,Card
TXN00356,Store_Mumbai_01,POS_4,2025-12-19,P016,5,1605.31,Card
TXN00357,Store_Delhi_01,POS_4,2025-02-03,P070,2,2672.37,Cash
TXN00358,Store_Bangalore_01,POS_2,2025-12-20,P066,3,2359.93,UPI
TXN00359,Store_Mumbai_01,POS_4,2025-08-23,P047,4,651.78,UPI
TXN00360,Store_Delhi_01,POS_7,2025-04-05,P086,5,4734.33,UPI
TXN00361,Store_Bangalore_01,POS_3,2025-04-12,P088,3,4557.3,Cash
TXN00362,Store_Bangalore_01,POS_10,2025-05-23,P072,3,2359.96,Cash
TXN00363,Store_Mumbai_01,POS_10,2025-01-12,P040,2,2406.55,Card
TXN00364,Store_Mumbai_01,POS_5,2025-06-02,P015,4,4360.42,Card
TXN00365,Store_Mumbai_01,POS_5,2025-11-20,P071,1,32.35,UPI
TXN00366,Store_Mumbai_01,POS_9,2025-12-18,P083,1,3011.96,UPI
TXN00367,Store_Delhi_01,POS_4,2025-06-07,P034,4,390.05,Card
TXN00368,Store_Delhi_01,POS_3,2025-12-11,P021,4,3713.02,Cash
TXN00369,Store_Delhi_01,POS_3,2025-06-19,P046,3,1848.05,UPI
TXN00370,Store_Delhi_01,POS_10,2025-03-24,P095,4,1962.77,UPI
TXN00371,Store_Mumbai_01,POS_8,2025-12-26,P072,2,2359.96,Cash
TXN00372,Store_Mumbai_01,POS_4,2025-11-19,P050,5,2806.54,Cash
TXN00373,Store_Delhi_01,POS_9,2025-12-12,P027,1,1776.48,Cash
TXN00374,Store_Mumbai_01,POS_6,2025-06-09,P086,5,4734.33,Card
TXN00375,Store_Bangalore_01,POS_1,2025-01-23,P038,3,206.85,Cash
TXN00376,Store_Mumbai_01,POS_9,2025-12-02,P056,5,1771.35,UPI
TXN00377,Store_Delhi_01,POS_8,2025-10-03,P095,3,1962.77,Card
TXN00378,Store_Delhi_01,POS_2,2025-12-09,P030,4,1483.31,UPI
TXN00379,Store_Delhi_01,POS_4,2025-02-26,P095,2,1962.77,Cash
TXN00380,Store_Bangalore_01,POS_1,2025-07-29,P030,2,1483.31,Card
TXN00381,Store_Bangalore_01,POS_1,2025-05-21,P049,4,320.41,Card
TXN00382,Store_Delhi_01,POS_9,2025-10-28,P016,1,1605.31,Cash
TXN00383,Store_Mumbai_01,POS_7,2025-03-18,P057,1,1646.77,Cash
TXN00384,Store_Mumbai_01,POS_9,2025-10-24,P037,4,1967.63,UPI
TXN00385,Store_Mumbai_01,POS_4,2026-01-28,P086,2,4734.33,UPI
TXN00386,Store_Mumbai_01,POS_6,2025-03-13,P035,5,296.76,Card
TXN00387,Store_Mumbai_01,POS_5,2025-12-10,P071,3,32.35,Cash
TXN00388,Store_Delhi_01,POS_8,2025-10-29,P010,5,378.22,Card
TXN00389,Store_Delhi_01,POS_9,2025-05-07,P021,5,3713.02,Card
TXN00390,Store_Delhi_01,POS_3,2025-07-10,P011,1,4386.11,Card
TXN00391,Store_Bangalore_01,POS_9,2025-03-06,P082,1,1844.68,UPI
TXN00392,Store_Mumbai_01,POS_2,2025-02-25,P052,2,3064.99,Cash
TXN00393,Store_Delhi_01,POS_2,2025-12-17,P096,4,262.76,Cash
TXN00394,Store_Delhi_01,POS_4,2025-07-31,P016,2,1605.31,Cash
TXN00395,Store_Bangalore_01,POS_8,2025-02-11,P011,4,4386.11,UPI
TXN00396,Store_Delhi_01,POS_1,2025-11-07,P054,3,1902.47,Card
TXN00397,Store_Bangalore_01,POS_6,2025-03-29,P007,1,3307.46,Card
TXN00398,Store_Delhi_01,POS_7,2025-03-09,P040,4,2406.55,Cash
TXN00399,Store_Bangalore_01,POS_6,2026-01-08,P019,2,4981.71,UPI
TXN00400,Store_Delhi_01,POS_9,2025-03-20,P003,3,2646.14,Cash
TXN00401,Store_Bangalore_01,POS_9,2025-06-25,P066,3,2359.93,UPI
TXN00402,Store_Mumbai_01,POS_5,2025-02-07,P082,4,1844.68,Card
TXN00403,Store_Mumbai_01,POS_8,2025-06-26,P091,4,3019.07,Card
TXN00404,Store_Delhi_01,POS_2,2025-02-28,P016,5,1605.31,UPI
TXN00405,Store_Mumbai_01,POS_9,2025-11-10,P097,3,3377.26,Cash
TXN00406,Store_Delhi_01,POS_3,2025-06-30,P010,2,378.22,Card
TXN00407,Store_Mumbai_01,POS_6,2026-02-05,P090,1,2672.16,Cash
TXN00408,Store_Bangalore_01,POS_3,2025-02-05,P007,3,3307.46,Cash
TXN00409,Store_Bangalore_01,POS_9,2025-12-27,P068,5,1191.66,UPI
TXN00410,Store_Bangalore_01,POS_7,2025-07-11,P021,3,3713.02,UPI
TXN00411,Store_Mumbai_01,POS_2,2025-02-12,P092,4,1114.4,Cash
TXN00412,Store_Mumbai_01,POS_5,2025-01-06,P091,4,3019.07,Card
TXN00413,Store_Mumbai_01,POS_6,2025-01-13,P001,3,1356.78,UPI
TXN00414,Store_Mumbai_01,POS_8,2025-03-24,P070,3,2672.37,UPI
TXN00415,Store_Bangalore_01,POS_6,2025-04-01,P016,3,1605.31,UPI
TXN00416,Store_Mumbai_01,POS_9,2025-10-03,P085,2,2843.37,Cash
TXN00417,Store_Mumbai_01,POS_4,2025-07-15,P038,5,206.85,Cash
TXN00418,Store_Mumbai_01,POS_6,2025-03-10,P012,1,3153.72,UPI
TXN00419,Store_Bangalore_01,POS_2,2025-11-12,P045,4,4088.84,Card
TXN00420,Store_Bangalore_01,POS_2,2025-09-28,P058,4,1468.58,Card
TXN00421,Store_Mumbai_01,POS_3,2026-01-11,P094,2,4655.55,UPI
TXN00422,Store_Bangalore_01,POS_6,2025-05-30,P017,5,3007.57,Cash
TXN00423,Store_Delhi_01,POS_1,2025-09-05,P040,1,2406.55,Card
TXN00424,Store_Delhi_01,POS_4,2025-10-30,P035,2,296.76,UPI
TXN00425,Store_Bangalore_01,POS_4,2025-01-03,P083,2,3011.96,UPI
TXN00426,Store_Delhi_01,POS_1,2025-09-13,P053,2,1113.79,UPI
TXN00427,Store_Mumbai_01,POS_6,2025-02-23,P089,5,907.88,Cash
TXN00428,Store_Bangalore_01,POS_3,2025-01-21,P059,4,1263.79,UPI
TXN00429,Store_Delhi_01,POS_9,2025-03-19,P090,4,2672.16,Card
TXN00430,Store_Mumbai_01,POS_2,2025-05-01,P033,5,2501.03,Cash
TXN00431,Store_Mumbai_01,POS_1,2025-09-12,P033,1,2501.03,Cash
TXN00432,Store_Bangalore_01,POS_4,2025-11-23,P017,3,3007.57,UPI
TXN00433,Store_Mumbai_01,POS_10,2025-11-19,P017,4,3007.57,Cash
TXN00434,Store_Delhi_01,POS_4,2025-09-16,P028,2,594.93,Cash
TXN00435,Store_Mumbai_01,POS_7,2025-02-23,P043,1,2697.77,Card
TXN00436,Store_Mumbai_01,POS_7,2025-11-24,P005,4,2640.71,UPI
TXN00437,Store_Delhi_01,POS_8,2025-03-17,P079,3,601.78,UPI
TXN00438,Store_Delhi_01,POS_3,2025-06-05,P094,3,4655.55,UPI
TXN00439,Store_Delhi_01,POS_7,2025-03-17,P038,2,206.85,Card
TXN00440,Store_Delhi_01,POS_5,2025-06-24,P100,4,469.89,Card
TXN00441,Store_Mumbai_01,POS_1,2025-08-14,P064,1,4345.29,Cash
TXN00442,Store_Mumbai_01,POS_6,2025-12-01,P062,3,553.22,UPI
TXN00443,Store_Bangalore_01,POS_6,2025-06-20,P010,5,378.22,Card
TXN00444,Store_Mumbai_01,POS_8,2025-11-17,P023,4,4944.22,Cash
TXN00445,Store_Delhi_01,POS_6,2025-06-08,P077,5,1671.32,UPI
TXN00446,Store_Bangalore_01,POS_5,2025-08-28,P046,1,1848.05,Card
TXN00447,Store_Mumbai_01,POS_10,2025-04-08,P092,3,1114.4,UPI
TXN00448,Store_Mumbai_01,POS_9,2025-02-09,P058,2,1468.58,Cash
TXN00449,Store_Bangalore_01,POS_2,2025-05-23,P065,2,4723.72,UPI
TXN00450,Store_Bangalore_01,POS_9,2025-07-06,P053,2,1113.79,UPI
TXN00451,Store_Delhi_01,POS_6,2025-05-25,P038,1,206.85,UPI
TXN00452,Store_Delhi_01,POS_3,2025-03-27,P011,5,4386.11,UPI
TXN00453,Store_Delhi_01,POS_10,2025-03-03,P088,5,4557.3,Card
TXN00454,Store_Mumbai_01,POS_10,2025-03-01,P042,5,950.0,Card
TXN00455,Store_Bangalore_01,POS_10,2025-08-29,P068,2,1191.66,Card
TXN00456,Store_Bangalore_01,POS_5,2025-03-14,P097,3,3377.26,Cash
TXN00457,Store_Mumbai_01,POS_9,2025-11-24,P084,1,4491.85,Card
TXN00458,Store_Delhi_01,POS_5,2025-05-13,P099,5,3828.05,Cash
TXN00459,Store_Mumbai_01,POS_9,2025-09-01,P035,4,296.76,UPI
TXN00460,Store_Delhi_01,POS_8,2025-02-02,P001,1,1356.78,UPI
TXN00461,Store_Delhi_01,POS_3,2025-10-17,P078,1,4782.47,Card
TXN00462,Store_Mumbai_01,POS_3,2025-05-02,P025,2,2278.03,Cash
TXN00463,Store_Mumbai_01,POS_7,2025-04-15,P068,1,1191.66,UPI
TXN00464,Store_Mumbai_01,POS_7,2026-01-08,P100,5,469.89,UPI
TXN00465,Store_Bangalore_01,POS_1,2026-01-20,P087,1,1229.58,UPI
TXN00466,Store_Bangalore_01,POS_6,2025-07-28,P028,4,594.93,UPI
TXN00467,Store_Delhi_01,POS_10,2025-05-28,P024,4,3221.64,UPI
TXN00468,Store_Mumbai_01,POS_10,2025-01-01,P084,5,4491.85,Card
TXN00469,Store_Delhi_01,POS_5,2025-10-27,P008,3,1283.94,Card
TXN00470,Store_Delhi_01,POS_5,2025-11-19,P019,2,4981.71,UPI
TXN00471,Store_Delhi_01,POS_6,2025-06-29,P026,4,2909.28,Card
TXN00472,Store_Bangalore_01,POS_6,2025-11-24,P086,3,4734.33,Card
TXN00473,Store_Mumbai_01,POS_10,2026-01-24,P010,2,378.22,UPI
TXN00474,Store_Bangalore_01,POS_1,2025-04-04,P094,2,4655.55,Cash
TXN00475,Store_Mumbai_01,POS_1,2025-03-08,P052,1,3064.99,Cash
TXN00476,Store_Delhi_01,POS_5,2025-05-28,P035,4,296.76,Card
TXN00477,Store_Mumbai_01,POS_5,2025-06-24,P079,3,601.78,Card
TXN00478,Store_Delhi_01,POS_1,2025-08-11,P058,4,1468.58,Cash
TXN00479,Store_Mumbai_01,POS_8,2025-07-09,P016,2,1605.31,Cash
TXN00480,Store_Delhi_01,POS_9,2025-12-23,P052,1,3064.99,Card
TXN00481,Store_Mumbai_01,POS_6,2025-06-08,P078,3,4782.47,Card
TXN00482,Store_Bangalore_01,POS_10,2025-04-13,P019,3,4981.71,Cash
TXN00483,Store_Mumbai_01,POS_9,2025-12-20,P087,4,1229.58,Cash
TXN00484,Store_Delhi_01,POS_7,2025-07-16,P024,4,3221.64,Cash
TXN00485,Store_Delhi_01,POS_2,2025-07-03,P011,1,4386.11,UPI
TXN00486,Store_Delhi_01,POS_2,2025-06-29,P050,3,2806.54,Cash
TXN00487,Store_Delhi_01,POS_10,2025-04-25,P011,5,4386.11,Card
TXN00488,Store_Bangalore_01,POS_10,2025-11-28,P008,1,1283.94,Cash
TXN00489,Store_Mumbai_01,POS_8,2026-01-18,P097,1,3377.26,Card
TXN00490,Store_Bangalore_01,POS_4,2025-07-11,P009,4,422.17,UPI
TXN00491,Store_Bangalore_01,POS_10,2025-04-05,P063,2,1767.29,UPI
TXN00492,Store_Delhi_01,POS_6,2025-03-08,P083,1,3011.96,UPI
TXN00493,Store_Mumbai_01,POS_8,2025-08-06,P021,3,3713.02,Card
TXN00494,Store_Mumbai_01,POS_1,2025-07-04,P076,2,4977.84,Cash
TXN00495,Store_Bangalore_01,POS_10,2025-01-17,P100,1,469.89,UPI
TXN00496,Store_Mumbai_01,POS_5,2025-10-25,P039,1,1346.7,UPI
TXN00497,Store_Mumbai_01,POS_9,2025-03-13,P088,4,4557.3,UPI
TXN00498,Store_Mumbai_01,POS_9,2025-10-23,P024,2,3221.64,Cash
TXN00499,Store_Delhi_01,POS_7,2025-03-29,P065,2,4723.72,Card
TXN00500,Store_Bangalore_01,POS_1,2025-12-10,P031,1,719.35,Card
TXN00501,Store_Delhi_01,POS_4,2025-05-28,P005,2,2640.71,Cash
TXN00502,Store_Bangalore_01,POS_1,2025-07-11,P073,5,1614.48,Cash
TXN00503,Store_Delhi_01,POS_7,2025-01-13,P089,3,907.88,UPI
TXN00504,Store_Bangalore_01,POS_6,2025-10-13,P070,1,2672.37,Cash
TXN00505,Store_Delhi_01,POS_7,2026-01-10,P016,2,1605.31,Card
TXN00506,Store_Mumbai_01,POS_10,2025-04-08,P060,3,2234.75,Cash
TXN00507,Store_Bangalore_01,POS_10,2025-12-26,P027,2,1776.48,Cash
TXN00508,Store_Mumbai_01,POS_9,2025-08-06,P080,2,496.75,Cash
TXN00509,Store_Delhi_01,POS_4,2025-10-14,P045,1,4088.84,Cash
TXN00510,Store_Bangalore_01,POS_5,2025-01-04,P071,2,32.35,UPI
TXN00511,Store_Delhi_01,POS_7,2025-03-13,P004,5,3467.46,UPI
TXN00512,Store_Mumbai_01,POS_8,2025-10-18,P097,4,3377.26,UPI
TXN00513,Store_Delhi_01,POS_1,2025-02-04,P061,1,2467.54,Cash
TXN00514,Store_Bangalore_01,POS_9,2025-03-12,P035,3,296.76,Card
TXN00515,Store_Mumbai_01,POS_7,2025-10-27,P087,5,1229.58,Card
TXN00516,Store_Bangalore_01,POS_7,2025-05-16,P005,1,2640.71,UPI
TXN00517,Store_Bangalore_01,POS_9,2025-06-02,P049,1,320.41,Card
TXN00518,Store_Bangalore_01,POS_6,2025-01-11,P008,1,1283.94,Cash
TXN00519,Store_Delhi_01,POS_8,2026-01-15,P044,2,4945.34,Cash
TXN00520,Store_Mumbai_01,POS_5,2026-01-15,P043,5,2697.77,Cash
TXN00521,Store_Bangalore_01,POS_7,2025-12-26,P006,5,250.11,UPI
TXN00522,Store_Delhi_01,POS_1,2025-03-28,P055,1,4163.29,UPI
TXN00523,Store_Delhi_01,POS_2,2025-09-15,P024,5,3221.64,Cash
TXN00524,Store_Bangalore_01,POS_2,2025-03-04,P036,5,84.85,UPI
TXN00525,Store_Mumbai_01,POS_4,2025-10-24,P032,4,1564.49,Cash
TXN00526,Store_Bangalore_01,POS_6,2025-08-19,P097,1,3377.26,UPI
TXN00527,Store_Delhi_01,POS_4,2025-02-03,P018,1,2699.14,Cash
TXN00528,Store_Mumbai_01,POS_4,2025-10-08,P034,2,390.05,Card
TXN00529,Store_Bangalore_01,POS_5,2025-04-15,P014,3,3884.14,Card
TXN00530,Store_Delhi_01,POS_6,2025-10-23,P052,2,3064.99,Cash
TXN00531,Store_Bangalore_01,POS_8,2025-08-08,P047,1,651.78,Card
TXN00532,Store_Bangalore_01,POS_10,2025-06-13,P095,2,1962.77,Cash
TXN00533,Store_Mumbai_01,POS_6,2025-02-08,P017,3,3007.57,Cash
TXN00534,Store_Mumbai_01,POS_6,2025-01-29,P033,4,2501.03,Cash
TXN00535,Store_Mumbai_01,POS_1,2025-08-16,P035,4,296.76,Card
TXN00536,Store_Bangalore_01,POS_7,2025-06-13,P081,5,1290.12,Cash
TXN00537,Store_Mumbai_01,POS_7,2025-09-20,P020,4,2166.4,Cash
TXN00538,Store_Bangalore_01,POS_5,2025-03-19,P039,2,1346.7,Cash
TXN00539,Store_Delhi_01,POS_6,2025-04-08,P099,1,3828.05,UPI
TXN00540,Store_Delhi_01,POS_7,2025-04-10,P069,2,344.78,UPI
TXN00541,Store_Mumbai_01,POS_8,2025-04-10,P021,5,3713.02,Cash
TXN00542,Store_Delhi_01,POS_5,2025-09-21,P085,1,2843.37,UPI
TXN00543,Store_Mumbai_01,POS_6,2025-09-26,P041,4,948.59,UPI
TXN00544,Store_Mumbai_01,POS_5,2025-06-11,P068,4,1191.66,Card
TXN00545,Store_Bangalore_01,POS_10,2025-07-31,P087,3,1229.58,Card
TXN00546,Store_Delhi_01,POS_1,2025-07-12,P092,4,1114.4,Cash
TXN00547,Store_Delhi_01,POS_2,2025-02-11,P030,1,1483.31,UPI
TXN00548,Store_Mumbai_01,POS_7,2026-01-02,P009,4,422.17,Cash
TXN00549,Store_Bangalore_01,POS_3,2025-10-24,P047,1,651.78,Cash
TXN00550,Store_Bangalore_01,POS_3,2025-11-03,P018,4,2699.14,Cash
TXN00551,Store_Delhi_01,POS_5,2025-01-25,P029,4,4439.3,UPI
TXN00552,Store_Delhi_01,POS_2,2025-04-23,P076,4,4977.84,Cash
TXN00553,Store_Delhi_01,POS_1,2025-01-26,P090,2,2672.16,Cash
TXN00554,Store_Delhi_01,POS_8,2025-11-20,P044,3,4945.34,Cash
TXN00555,Store_Delhi_01,POS_8,2025-09-25,P086,3,4734.33,UPI
TXN00556,Store_Bangalore_01,POS_9,2025-03-10,P049,3,320.41,Card
TXN00557,Store_Mumbai_01,POS_5,2025-10-02,P076,2,4977.84,Cash
TXN00558,Store_Mumbai_01,POS_1,2025-10-29,P079,5,601.78,Card
TXN00559,Store_Mumbai_01,POS_5,2025-11-15,P079,5,601.78,UPI
TXN00560,Store_Bangalore_01,POS_7,2025-05-29,P013,3,166.29,Card
TXN00561,Store_Mumbai_01,POS_4,2026-01-03,P003,4,2646.14,Card
TXN00562,Store_Delhi_01,POS_2,2026-01-10,P076,4,4977.84,UPI
TXN00563,Store_Mumbai_01,POS_3,2025-12-18,P009,5,422.17,Cash
TXN00564,Store_Delhi_01,POS_1,2025-09-27,P086,3,4734.33,UPI
TXN00565,Store_Bangalore_01,POS_3,2025-08-13,P085,2,2843.37,Cash
TXN00566,Store_Delhi_01,POS_3,2026-01-20,P007,5,3307.46,Card
TXN00567,Store_Bangalore_01,POS_6,2025-03-26,P050,5,2806.54,Card
TXN00568,Store_Bangalore_01,POS_3,2025-04-11,P014,5,3884.14,UPI
TXN00569,Store_Bangalore_01,POS_4,2025-07-24,P061,2,2467.54,UPI
TXN00570,Store_Bangalore_01,POS_5,2025-09-18,P096,3,262.76,UPI
TXN00571,Store_Bangalore_01,POS_8,2025-09-22,P090,1,2672.16,Cash
TXN00572,Store_Mumbai_01,POS_4,2025-10-31,P094,3,4655.55,UPI
TXN00573,Store_Delhi_01,POS_4,2025-12-16,P074,2,69.43,UPI
TXN00574,Store_Delhi_01,POS_10,2025-07-07,P032,2,1564.49,Card
TXN00575,Store_Delhi_01,POS_7,2025-01-22,P007,4,3307.46,Card
TXN00576,Store_Mumbai_01,POS_3,2025-12-16,P066,2,2359.93,Card
TXN00577,Store_Bangalore_01,POS_7,2025-08-08,P005,1,2640.71,UPI
TXN00578,Store_Delhi_01,POS_4,2025-11-14,P095,2,1962.77,UPI
TXN00579,Store_Delhi_01,POS_3,2025-11-01,P083,2,3011.96,Card
TXN00580,Store_Delhi_01,POS_9,2025-01-07,P096,2,262.76,Cash
TXN00581,Store_Bangalore_01,POS_2,2025-11-14,P028,2,594.93,UPI
TXN00582,Store_Mumbai_01,POS_9,2025-10-06,P075,5,4079.18,Cash
TXN00583,Store_Bangalore_01,POS_10,2025-05-05,P090,4,2672.16,UPI
TXN00584,Store_Mumbai_01,POS_9,2025-05-09,P064,4,4345.29,Cash
TXN00585,Store_Bangalore_01,POS_5,2025-10-01,P043,4,2697.77,Cash
TXN00586,Store_Mumbai_01,POS_8,2025-07-15,P023,1,4944.22,UPI
TXN00587,Store_Bangalore_01,POS_6,2025-09-21,P018,4,2699.14,Cash
TXN00588,Store_Mumbai_01,POS_10,2025-04-25,P016,3,1605.31,Card
TXN00589,Store_Delhi_01,POS_8,2025-06-17,P014,2,3884.14,Cash
TXN00590,Store_Mumbai_01,POS_2,2025-06-09,P034,4,390.05,UPI
TXN00591,Store_Delhi_01,POS_3,2025-06-14,P024,5,3221.64,Cash
TXN00592,Store_Mumbai_01,POS_4,2025-07-01,P038,4,206.85,Card
TXN00593,Store_Bangalore_01,POS_7,2025-05-08,P081,3,1290.12,Card
TXN00594,Store_Delhi_01,POS_1,2025-02-01,P078,2,4782.47,Cash
TXN00595,Store_Delhi_01,POS_3,2025-03-20,P046,4,1848.05,UPI
TXN00596,Store_Bangalore_01,POS_8,2025-06-24,P069,4,344.78,Cash
TXN00597,Store_Bangalore_01,POS_6,2025-01-22,P045,3,4088.84,Card
TXN00598,Store_Delhi_01,POS_4,2025-04-17,P037,3,1967.63,UPI
TXN00599,Store_Delhi_01,POS_8,2025-05-03,P065,5,4723.72,Cash
TXN00600,Store_Delhi_01,POS_10,2025-03-07,P035,2,296.76,UPI
TXN00601,Store_Bangalore_01,POS_7,2025-06-30,P002,2,3751.96,Card
TXN00602,Store_Bangalore_01,POS_5,2025-06-19,P065,5,4723.72,UPI
TXN00603,Store_Bangalore_01,POS_3,2025-06-18,P003,5,2646.14,UPI
TXN00604,Store_Mumbai_01,POS_7,2025-05-29,P044,5,4945.34,Cash
TXN00605,Store_Mumbai_01,POS_3,2025-07-20,P023,4,4944.22,Cash
TXN00606,Store_Mumbai_01,POS_1,2025-01-21,P040,1,2406.55,UPI
TXN00607,Store_Bangalore_01,POS_4,2025-08-19,P073,1,1614.48,Cash
TXN00608,Store_Delhi_01,POS_6,2025-11-22,P029,4,4439.3,Card
TXN00609,Store_Delhi_01,POS_9,2025-12-09,P095,4,1962.77,UPI
TXN00610,Store_Mumbai_01,POS_2,2025-07-31,P073,1,1614.48,Card
TXN00611,Store_Bangalore_01,POS_5,2025-01-17,P024,5,3221.64,Cash
TXN00612,Store_Delhi_01,POS_2,2025-07-04,P093,4,3440.84,UPI
TXN00613,Store_Delhi_01,POS_3,2025-06-04,P088,1,4557.3,Card
TXN00614,Store_Mumbai_01,POS_1,2025-01-21,P041,3,948.59,Cash
TXN00615,Store_Bangalore_01,POS_9,2025-07-26,P068,1,1191.66,Card
TXN00616,Store_Bangalore_01,POS_3,2025-06-08,P084,2,4491.85,Card
TXN00617,Store_Delhi_01,POS_5,2025-09-24,P042,5,950.0,UPI
TXN00618,Store_Mumbai_01,POS_1,2025-01-07,P003,3,2646.14,UPI
TXN00619,Store_Delhi_01,POS_1,2025-11-21,P022,1,1521.38,Card
TXN00620,Store_Bangalore_01,POS_1,2025-02-15,P062,2,553.22,Cash
TXN00621,Store_Mumbai_01,POS_1,2025-03-16,P049,1,320.41,Card
TXN00622,Store_Delhi_01,POS_9,2026-02-01,P072,1,2359.96,UPI
TXN00623,Store_Delhi_01,POS_6,2025-06-11,P052,2,3064.99,UPI
TXN00624,Store_Mumbai_01,POS_2,2025-03-11,P050,3,2806.54,Card
TXN00625,Store_Bangalore_01,POS_9,2025-01-08,P054,5,1902.47,Cash
TXN00626,Store_Mumbai_01,POS_10,2025-05-26,P025,1,2278.03,UPI
TXN00627,Store_Mumbai_01,POS_8,2025-01-05,P022,3,1521.38,Cash
TXN00628,Store_Bangalore_01,POS_6,2025-12-26,P088,4,4557.3,Cash
TXN00629,Store_Bangalore_01,POS_3,2025-02-19,P100,2,469.89,Card
TXN00630,Store_Bangalore_01,POS_6,2026-02-07,P005,3,2640.71,Cash
TXN00631,Store_Delhi_01,POS_1,2025-04-19,P083,3,3011.96,Cash
TXN00632,Store_Delhi_01,POS_7,2025-07-08,P023,2,4944.22,Card
TXN00633,Store_Bangalore_01,POS_7,2025-11-23,P051,1,758.69,Cash
TXN00634,Store_Delhi_01,POS_7,2025-12-20,P070,1,2672.37,Card
TXN00635,Store_Delhi_01,POS_6,2026-02-11,P074,3,69.43,Card
TXN00636,Store_Bangalore_01,POS_1,2025-11-04,P068,2,1191.66,UPI
TXN00637,Store_Delhi_01,POS_9,2025-06-22,P007,5,3307.46,Cash
TXN00638,Store_Bangalore_01,POS_4,2025-11-24,P075,4,4079.18,Card
TXN00639,Store_Bangalore_01,POS_10,2025-01-09,P014,5,3884.14,UPI
TXN00640,Store_Delhi_01,POS_3,2025-07-01,P024,2,3221.64,Card
TXN00641,Store_Mumbai_01,POS_1,2026-02-11,P084,2,4491.85,Card
TXN00642,Store_Bangalore_01,POS_9,2025-06-08,P057,4,1646.77,Card
TXN00643,Store_Mumbai_01,POS_1,2026-01-31,P054,3,1902.47,Card
TXN00644,Store_Mumbai_01,POS_9,2025-06-12,P049,4,320.41,Cash
TXN00645,Store_Mumbai_01,POS_8,2025-01-06,P029,4,4439.3,Card
TXN00646,Store_Mumbai_01,POS_10,2025-09-19,P047,5,651.78,Card
TXN00647,Store_Mumbai_01,POS_5,2025-08-31,P006,2,250.11,Cash
TXN00648,Store_Delhi_01,POS_10,2025-11-15,P008,3,1283.94,Cash
TXN00649,Store_Mumbai_01,POS_9,2025-12-09,P057,5,1646.77,Card
TXN00650,Store_Mumbai_01,POS_6,2025-04-18,P012,1,3153.72,Cash
TXN00651,Store_Delhi_01,POS_7,2025-02-26,P051,3,758.69,Card
TXN00652,Store_Mumbai_01,POS_1,2025-06-17,P049,4,320.41,Card
TXN00653,Store_Delhi_01,POS_2,2025-01-20,P020,2,2166.4,Cash
TXN00654,Store_Delhi_01,POS_7,2025-12-25,P017,5,3007.57,Cash
TXN00655,Store_Delhi_01,POS_3,2026-01-29,P026,2,2909.28,UPI
TXN00656,Store_Bangalore_01,POS_6,2026-02-06,P043,5,2697.77,Cash
TXN00657,Store_Mumbai_01,POS_5,2025-08-15,P009,2,422.17,UPI
TXN00658,Store_Bangalore_01,POS_5,2025-12-06,P093,5,3440.84,Cash
TXN00659,Store_Bangalore_01,POS_10,2026-01-10,P047,1,651.78,UPI
TXN00660,Store_Delhi_01,POS_6,2025-10-02,P032,2,1564.49,Cash
TXN00661,Store_Mumbai_01,POS_6,2025-04-22,P010,3,378.22,UPI
TXN00662,Store_Delhi_01,POS_6,2025-09-12,P043,2,2697.77,Cash
TXN00663,Store_Mumbai_01,POS_9,2025-04-05,P048,5,3557.52,Card
TXN00664,Store_Delhi_01,POS_1,2025-09-21,P013,2,166.29,Cash
TXN00665,Store_Mumbai_01,POS_5,2025-06-09,P024,5,3221.64,Card
TXN00666,Store_Delhi_01,POS_4,2025-01-22,P041,4,948.59,Cash
TXN00667,Store_Mumbai_01,POS_8,2025-01-08,P019,5,4981.71,Card
TXN00668,Store_Delhi_01,POS_4,2025-11-30,P047,3,651.78,Card
TXN00669,Store_Bangalore_01,POS_2,2025-09-28,P006,4,250.11,Cash
TXN00670,Store_Mumbai_01,POS_2,2025-08-17,P045,2,4088.84,UPI
TXN00671,Store_Mumbai_01,POS_10,2025-01-21,P089,4,907.88,UPI
TXN00672,Store_Delhi_01,POS_6,2025-06-15,P073,3,1614.48,Cash
TXN00673,Store_Mumbai_01,POS_10,2025-09-18,P049,3,320.41,Cash
TXN00674,Store_Delhi_01,POS_2,2025-05-26,P052,1,3064.99,Card
TXN00675,Store_Delhi_01,POS_10,2025-10-30,P056,3,1771.35,Cash
TXN00676,Store_Mumbai_01,POS_8,2025-08-20,P034,3,390.05,Card
TXN00677,Store_Delhi_01,POS_10,2025-06-26,P071,4,32.35,UPI
TXN00678,Store_Bangalore_01,POS_8,2025-09-22,P059,3,1263.79,UPI
TXN00679,Store_Mumbai_01,POS_7,2025-08-25,P061,3,2467.54,Cash
TXN00680,Store_Delhi_01,POS_5,2025-04-30,P026,5,2909.28,UPI
TXN00681,Store_Mumbai_01,POS_5,2025-01-03,P003,1,2646.14,Card
TXN00682,Store_Mumbai_01,POS_4,2025-12-19,P095,5,1962.77,UPI
TXN00683,Store_Mumbai_01,POS_6,2025-06-19,P098,1,15.76,Card
TXN00684,Store_Delhi_01,POS_9,2025-11-20,P053,2,1113.79,UPI
TXN00685,Store_Bangalore_01,POS_8,2025-07-29,P002,5,3751.96,Card
TXN00686,Store_Mumbai_01,POS_9,2025-06-13,P014,5,3884.14,Card
TXN00687,Store_Delhi_01,POS_8,2025-11-24,P058,1,1468.58,Card
TXN00688,Store_Bangalore_01,POS_10,2026-02-06,P028,5,594.93,UPI
TXN00689,Store_Bangalore_01,POS_8,2025-01-21,P081,4,1290.12,Cash
TXN00690,Store_Delhi_01,POS_5,2025-06-15,P078,2,4782.47,UPI
TXN00691,Store_Bangalore_01,POS_6,2025-08-05,P079,5,601.78,UPI
TXN00692,Store_Mumbai_01,POS_7,2025-08-08,P094,4,4655.55,UPI
TXN00693,Store_Delhi_01,POS_9,2025-07-19,P022,4,1521.38,Card
TXN00694,Store_Mumbai_01,POS_3,2025-06-05,P023,2,4944.22,Cash
TXN00695,Store_Mumbai_01,POS_1,2025-07-22,P023,1,4944.22,Card
TXN00696,Store_Mumbai_01,POS_10,2025-12-14,P076,5,4977.84,Card
TXN00697,Store_Delhi_01,POS_5,2025-07-18,P052,3,3064.99,Cash
TXN00698,Store_Bangalore_01,POS_10,2026-01-19,P002,1,3751.96,UPI
TXN00699,Store_Bangalore_01,POS_10,2025-12-26,P077,2,1671.32,UPI
TXN00700,Store_Mumbai_01,POS_3,2025-07-26,P074,3,69.43,UPI
TXN00701,Store_Mumbai_01,POS_8,2025-02-12,P081,1,1290.12,Card
TXN00702,Store_Delhi_01,POS_5,2025-03-31,P018,5,2699.14,Cash
TXN00703,Store_Delhi_01,POS_8,2025-01-21,P037,3,1967.63,Card
TXN00704,Store_Bangalore_01,POS_1,2025-04-23,P018,3,2699.14,UPI
TXN00705,Store_Bangalore_01,POS_9,2025-11-06,P065,4,4723.72,Card
TXN00706,Store_Delhi_01,POS_10,2025-08-04,P046,2,1848.05,Cash
TXN00707,Store_Mumbai_01,POS_3,2025-09-18,P024,3,3221.64,Card
TXN00708,Store_Mumbai_01,POS_2,2026-02-06,P089,4,907.88,UPI
TXN00709,Store_Delhi_01,POS_10,2025-06-11,P077,5,1671.32,Card
TXN00710,Store_Bangalore_01,POS_9,2025-01-22,P030,1,1483.31,Card
TXN00711,Store_Mumbai_01,POS_4,2025-03-21,P043,4,2697.77,UPI
TXN00712,Store_Bangalore_01,POS_3,2025-04-28,P100,4,469.89,Cash
TXN00713,Store_Mumbai_01,POS_7,2025-10-13,P038,4,206.85,Card
TXN00714,Store_Mumbai_01,POS_5,2025-01-14,P050,4,2806.54,Card
TXN00715,Store_Mumbai_01,POS_6,2025-11-11,P063,3,1767.29,Card
TXN00716,Store_Delhi_01,POS_7,2025-01-04,P014,2,3884.14,Card
TXN00717,Store_Delhi_01,POS_8,2025-04-07,P001,2,1356.78,Card
TXN00718,Store_Delhi_01,POS_4,2025-05-21,P061,5,2467.54,Card
TXN00719,Store_Delhi_01,POS_10,2026-01-31,P058,5,1468.58,Cash
TXN00720,Store_Mumbai_01,POS_3,2025-04-28,P100,2,469.89,Card
TXN00721,Store_Mumbai_01,POS_5,2025-07-11,P055,1,4163.29,Card
TXN00722,Store_Delhi_01,POS_5,2025-12-08,P080,4,496.75,Cash
TXN00723,Store_Bangalore_01,POS_5,2025-02-12,P011,5,4386.11,Cash
TXN00724,Store_Delhi_01,POS_3,2025-08-31,P070,1,2672.37,Cash
TXN00725,Store_Bangalore_01,POS_6,2025-02-02,P003,5,2646.14,Cash
TXN00726,Store_Mumbai_01,POS_6,2025-12-05,P031,5,719.35,Card
TXN00727,Store_Mumbai_01,POS_6,2025-03-28,P063,4,1767.29,UPI
TXN00728,Store_Delhi_01,POS_6,2025-02-04,P091,4,3019.07,UPI
TXN00729,Store_Bangalore_01,POS_5,2025-03-04,P002,4,3751.96,UPI
TXN00730,Store_Mumbai_01,POS_5,2025-11-18,P025,5,2278.03,Cash
TXN00731,Store_Delhi_01,POS_7,2025-09-17,P024,1,3221.64,UPI
TXN00732,Store_Bangalore_01,POS_9,2025-10-22,P074,2,69.43,Card
TXN00733,Store_Delhi_01,POS_9,2025-09-01,P096,5,262.76,UPI
TXN00734,Store_Delhi_01,POS_6,2025-12-11,P059,3,1263.79,Card
TXN00735,Store_Mumbai_01,POS_8,2025-03-15,P033,1,2501.03,Cash
TXN00736,Store_Mumbai_01,POS_1,2025-04-11,P082,2,1844.68,Cash
TXN00737,Store_Delhi_01,POS_10,2025-12-19,P029,2,4439.3,Card
TXN00738,Store_Mumbai_01,POS_2,2025-02-27,P026,4,2909.28,Card
TXN00739,Store_Mumbai_01,POS_10,2025-08-14,P061,4,2467.54,Cash
TXN00740,Store_Mumbai_01,POS_1,2025-02-07,P030,3,1483.31,UPI
TXN00741,Store_Bangalore_01,POS_1,2025-02-23,P045,3,4088.84,Card
TXN00742,Store_Mumbai_01,POS_4,2025-09-04,P065,2,4723.72,UPI
TXN00743,Store_Delhi_01,POS_8,2025-02-24,P024,4,3221.64,Card
TXN00744,Store_Bangalore_01,POS_10,2025-01-11,P083,4,3011.96,Cash
TXN00745,Store_Delhi_01,POS_4,2025-06-24,P073,5,1614.48,Card
TXN00746,Store_Mumbai_01,POS_6,2025-10-19,P088,2,4557.3,Card
TXN00747,Store_Bangalore_01,POS_8,2025-09-10,P011,4,4386.11,Card
TXN00748,Store_Mumbai_01,POS_7,2025-07-03,P084,4,4491.85,UPI
TXN00749,Store_Mumbai_01,POS_2,2025-04-11,P087,2,1229.58,UPI
TXN00750,Store_Delhi_01,POS_1,2025-06-10,P045,1,4088.84,Cash
TXN00751,Store_Mumbai_01,POS_8,2026-01-31,P013,5,166.29,Cash
TXN00752,Store_Bangalore_01,POS_7,2025-03-24,P024,2,3221.64,Cash
TXN00753,Store_Bangalore_01,POS_4,2025-08-01,P050,5,2806.54,Card
TXN00754,Store_Mumbai_01,POS_6,2025-03-08,P007,2,3307.46,Card
TXN00755,Store_Bangalore_01,POS_10,2025-03-31,P085,3,2843.37,Card
TXN00756,Store_Bangalore_01,POS_8,2025-05-07,P036,2,84.85,Cash
TXN00757,Store_Mumbai_01,POS_9,2025-03-09,P008,1,1283.94,UPI
TXN00758,Store_Bangalore_01,POS_9,2025-12-23,P087,2,1229.58,UPI
TXN00759,Store_Mumbai_01,POS_3,2025-08-27,P030,5,1483.31,UPI
TXN00760,Store_Bangalore_01,POS_8,2025-01-26,P067,1,3023.19,UPI
TXN00761,Store_Delhi_01,POS_5,2025-04-04,P097,4,3377.26,Card
TXN00762,Store_Mumbai_01,POS_4,2025-08-28,P001,5,1356.78,Card
TXN00763,Store_Delhi_01,POS_7,2026-02-02,P032,1,1564.49,UPI
TXN00764,Store_Mumbai_01,POS_6,2025-10-22,P015,3,4360.42,Cash
TXN00765,Store_Bangalore_01,POS_9,2025-12-02,P096,5,262.76,Card
TXN00766,Store_Mumbai_01,POS_10,2025-06-01,P041,3,948.59,UPI
TXN00767,Store_Delhi_01,POS_1,2025-01-01,P031,3,719.35,Card
TXN00768,Store_Delhi_01,POS_3,2025-06-08,P059,4,1263.79,Cash
TXN00769,Store_Delhi_01,POS_8,2025-06-08,P097,2,3377.26,UPI
TXN00770,Store_Bangalore_01,POS_4,2025-09-11,P027,2,1776.48,Card
TXN00771,Store_Delhi_01,POS_6,2025-10-22,P086,1,4734.33,Card
TXN00772,Store_Mumbai_01,POS_9,2026-02-13,P049,4,320.41,Card
TXN00773,Store_Mumbai_01,POS_1,2025-07-01,P051,2,758.69,Card
TXN00774,Store_Bangalore_01,POS_7,2025-03-13,P092,4,1114.4,UPI
TXN00775,Store_Delhi_01,POS_6,2025-01-27,P082,1,1844.68,Cash
TXN00776,Store_Delhi_01,POS_9,2025-11-09,P100,1,469.89,UPI
TXN00777,Store_Delhi_01,POS_5,2025-11-08,P097,5,3377.26,UPI
TXN00778,Store_Bangalore_01,POS_6,2025-08-07,P035,5,296.76,Card
TXN00779,Store_Delhi_01,POS_2,2025-10-24,P058,1,1468.58,Cash
TXN00780,Store_Bangalore_01,POS_3,2026-01-29,P079,1,601.78,UPI
TXN00781,Store_Mumbai_01,POS_5,2025-05-09,P017,5,3007.57,UPI
TXN00782,Store_Delhi_01,POS_4,2025-12-15,P053,2,1113.79,Card
TXN00783,Store_Bangalore_01,POS_9,2025-07-16,P027,4,1776.48,UPI
TXN00784,Store_Mumbai_01,POS_4,2025-10-07,P046,5,1848.05,Cash
TXN00785,Store_Mumbai_01,POS_1,2025-06-30,P037,3,1967.63,Cash
TXN00786,Store_Mumbai_01,POS_1,2025-07-22,P065,4,4723.72,Card
TXN00787,Store_Mumbai_01,POS_4,2025-10-28,P038,5,206.85,Cash
TXN00788,Store_Delhi_01,POS_3,2026-01-03,P068,4,1191.66,Card
TXN00789,Store_Bangalore_01,POS_2,2025-08-14,P079,1,601.78,Card
TXN00790,Store_Mumbai_01,POS_7,2025-05-30,P012,2,3153.72,UPI
TXN00791,Store_Mumbai_01,POS_8,2025-02-17,P012,4,3153.72,UPI
TXN00792,Store_Delhi_01,POS_2,2025-05-19,P029,4,4439.3,Cash
TXN00793,Store_Bangalore_01,POS_10,2025-11-15,P091,3,3019.07,UPI
TXN00794,Store_Mumbai_01,POS_7,2025-12-16,P005,4,2640.71,Card
TXN00795,Store_Mumbai_01,POS_7,2025-10-31,P048,5,3557.52,Card
TXN00796,Store_Bangalore_01,POS_8,2025-12-27,P078,5,4782.47,Cash
TXN00797,Store_Bangalore_01,POS_7,2025-04-09,P072,1,2359.96,Cash
TXN00798,Store_Delhi_01,POS_1,2025-03-15,P071,1,32.35,Cash
TXN00799,Store_Bangalore_01,POS_7,2026-02-12,P034,3,390.05,UPI
TXN00800,Store_Mumbai_01,POS_3,2025-11-24,P029,4,4439.3,Cash
TXN00801,Store_Delhi_01,POS_10,2025-04-01,P076,4,4977.84,Cash
TXN00802,Store_Delhi_01,POS_2,2025-02-07,P015,3,4360.42,Card
TXN00803,Store_Bangalore_01,POS_9,2025-12-29,P044,1,4945.34,UPI
TXN00804,Store_Delhi_01,POS_3,2025-04-18,P071,3,32.35,UPI
TXN00805,Store_Mumbai_01,POS_5,2025-03-05,P040,1,2406.55,Cash
TXN00806,Store_Bangalore_01,POS_7,2025-03-10,P082,2,1844.68,Cash
TXN00807,Store_Bangalore_01,POS_3,2025-02-11,P081,5,1290.12,Cash
TXN00808,Store_Mumbai_01,POS_1,2025-01-09,P081,2,1290.12,Cash
TXN00809,Store_Delhi_01,POS_7,2025-08-22,P077,3,1671.32,UPI
TXN00810,Store_Mumbai_01,POS_3,2025-09-16,P041,2,948.59,Cash
TXN00811,Store_Delhi_01,POS_4,2025-02-28,P099,5,3828.05,Card
TXN00812,Store_Bangalore_01,POS_1,2025-01-18,P060,3,2234.75,UPI
TXN00813,Store_Bangalore_01,POS_2,2026-01-14,P074,1,69.43,Card
TXN00814,Store_Bangalore_01,POS_2,2025-03-11,P008,5,1283.94,UPI
TXN00815,Store_Mumbai_01,POS_3,2025-08-14,P060,4,2234.75,UPI
TXN00816,Store_Bangalore_01,POS_2,2025-06-13,P009,2,422.17,UPI
TXN00817,Store_Delhi_01,POS_6,2025-05-28,P080,1,496.75,Cash
TXN00818,Store_Delhi_01,POS_5,2025-10-06,P088,3,4557.3,Cash
TXN00819,Store_Bangalore_01,POS_2,2025-05-27,P036,3,84.85,Cash
TXN00820,Store_Bangalore_01,POS_9,2025-04-12,P003,4,2646.14,Cash
TXN00821,Store_Delhi_01,POS_8,2025-04-22,P020,5,2166.4,UPI
TXN00822,Store_Mumbai_01,POS_2,2025-06-26,P089,1,907.88,Card
TXN00823,Store_Delhi_01,POS_3,2025-01-27,P060,2,2234.75,Cash
TXN00824,Store_Delhi_01,POS_1,2025-07-18,P065,4,4723.72,UPI
TXN00825,Store_Delhi_01,POS_10,2025-10-26,P024,4,3221.64,UPI
TXN00826,Store_Bangalore_01,POS_7,2025-11-29,P002,3,3751.96,Cash
TXN00827,Store_Delhi_01,POS_2,2025-11-17,P015,5,4360.42,UPI
TXN00828,Store_Mumbai_01,POS_6,2025-12-21,P020,3,2166.4,Cash
TXN00829,Store_Delhi_01,POS_6,2025-11-26,P022,5,1521.38,Card
TXN00830,Store_Delhi_01,POS_5,2025-08-12,P002,1,3751.96,Cash
TXN00831,Store_Bangalore_01,POS_5,2025-12-04,P088,1,4557.3,Card
TXN00832,Store_Mumbai_01,POS_1,2025-01-26,P049,3,320.41,Cash
TXN00833,Store_Bangalore_01,POS_3,2025-09-07,P027,2,1776.48,Cash
TXN00834,Store_Mumbai_01,POS_4,2025-04-08,P017,5,3007.57,Card
TXN00835,Store_Delhi_01,POS_6,2026-01-31,P054,2,1902.47,Card
TXN00836,Store_Mumbai_01,POS_4,2025-11-21,P023,2,4944.22,Cash
TXN00837,Store_Bangalore_01,POS_2,2025-05-11,P014,2,3884.14,UPI
TXN00838,Store_Mumbai_01,POS_5,2025-07-03,P077,1,1671.32,Card
TXN00839,Store_Mumbai_01,POS_6,2025-06-17,P100,4,469.89,Card
TXN00840,Store_Mumbai_01,POS_10,2025-05-06,P092,2,1114.4,Card
TXN00841,Store_Mumbai_01,POS_5,2025-07-08,P009,3,422.17,Cash
TXN00842,Store_Mumbai_01,POS_1,2025-01-24,P029,2,4439.3,UPI
TXN00843,Store_Bangalore_01,POS_7,2026-01-19,P088,2,4557.3,Card
TXN00844,Store_Bangalore_01,POS_4,2025-07-19,P094,4,4655.55,UPI
TXN00845,Store_Delhi_01,POS_8,2025-09-30,P038,5,206.85,Cash
TXN00846,Store_Bangalore_01,POS_3,2025-08-31,P054,2,1902.47,Cash
TXN00847,Store_Delhi_01,POS_4,2025-06-13,P012,4,3153.72,UPI
TXN00848,Store_Delhi_01,POS_10,2026-02-10,P011,4,4386.11,Card
TXN00849,Store_Delhi_01,POS_8,2025-03-31,P003,2,2646.14,UPI
TXN00850,Store_Delhi_01,POS_10,2025-01-16,P068,5,1191.66,UPI
TXN00851,Store_Mumbai_01,POS_3,2025-12-12,P025,2,2278.03,Cash
TXN00852,Store_Mumbai_01,POS_5,2025-10-25,P086,3,4734.33,Cash
TXN00853,Store_Mumbai_01,POS_8,2025-05-23,P018,3,2699.14,Card
TXN00854,Store_Mumbai_01,POS_9,2025-05-06,P027,2,1776.48,UPI
TXN00855,Store_Bangalore_01,POS_8,2025-01-22,P069,4,344.78,Cash
TXN00856,Store_Delhi_01,POS_3,2026-01-07,P033,2,2501.03,UPI
TXN00857,Store_Mumbai_01,POS_6,2025-12-09,P010,3,378.22,Card
TXN00858,Store_Bangalore_01,POS_4,2025-01-04,P003,5,2646.14,Card
TXN00859,Store_Mumbai_01,POS_8,2025-06-18,P010,4,378.22,UPI
TXN00860,Store_Bangalore_01,POS_2,2025-10-09,P028,2,594.93,Cash
TXN00861,Store_Bangalore_01,POS_3,2025-12-18,P050,5,2806.54,UPI
TXN00862,Store_Delhi_01,POS_9,2025-01-03,P030,1,1483.31,UPI
TXN00863,Store_Bangalore_01,POS_2,2025-11-23,P042,5,950.0,Cash
TXN00864,Store_Mumbai_01,POS_8,2025-05-01,P013,4,166.29,Cash
TXN00865,Store_Mumbai_01,POS_9,2025-07-08,P001,1,1356.78,Card
TXN00866,Store_Mumbai_01,POS_8,2025-01-10,P084,5,4491.85,Cash
TXN00867,Store_Mumbai_01,POS_4,2025-09-16,P044,2,4945.34,Card
TXN00868,Store_Mumbai_01,POS_10,2025-04-27,P057,4,1646.77,Cash
TXN00869,Store_Bangalore_01,POS_6,2026-01-13,P001,2,1356.78,Card
TXN00870,Store_Delhi_01,POS_8,2025-02-08,P022,2,1521.38,Card
TXN00871,Store_Bangalore_01,POS_7,2025-08-27,P089,5,907.88,UPI
TXN00872,Store_Delhi_01,POS_10,2025-06-12,P044,4,4945.34,UPI
TXN00873,Store_Mumbai_01,POS_9,2025-02-05,P068,5,1191.66,UPI
TXN00874,Store_Bangalore_01,POS_6,2026-02-08,P009,4,422.17,UPI
TXN00875,Store_Delhi_01,POS_5,2025-03-19,P022,3,1521.38,Cash
TXN00876,Store_Bangalore_01,POS_4,2025-06-07,P055,5,4163.29,Cash
TXN00877,Store_Bangalore_01,POS_2,2025-04-25,P030,5,1483.31,Cash
TXN00878,Store_Mumbai_01,POS_5,2025-01-23,P048,4,3557.52,Cash
TXN00879,Store_Delhi_01,POS_8,2025-11-28,P024,3,3221.64,UPI
TXN00880,Store_Mumbai_01,POS_1,2025-04-30,P020,4,2166.4,UPI
TXN00881,Store_Bangalore_01,POS_6,2026-01-24,P059,5,1263.79,Card
TXN00882,Store_Bangalore_01,POS_9,2025-10-19,P082,3,1844.68,UPI
TXN00883,Store_Delhi_01,POS_1,2025-07-11,P099,1,3828.05,Cash
TXN00884,Store_Bangalore_01,POS_3,2025-01-21,P070,4,2672.37,Cash
TXN00885,Store_Bangalore_01,POS_8,2025-02-23,P042,1,950.0,Card
TXN00886,Store_Mumbai_01,POS_9,2025-11-22,P024,3,3221.64,Cash
TXN00887,Store_Bangalore_01,POS_5,2025-07-13,P031,1,719.35,Card
TXN00888,Store_Bangalore_01,POS_8,2025-10-17,P035,2,296.76,UPI
TXN00889,Store_Bangalore_01,POS_4,2026-01-31,P039,3,1346.7,Cash
TXN00890,Store_Delhi_01,POS_6,2025-01-28,P050,4,2806.54,Cash
TXN00891,Store_Bangalore_01,POS_6,2025-04-21,P048,5,3557.52,UPI
TXN00892,Store_Delhi_01,POS_3,2025-01-02,P036,4,84.85,UPI
TXN00893,Store_Delhi_01,POS_3,2025-11-02,P003,3,2646.14,Card
TXN00894,Store_Bangalore_01,POS_5,2025-11-30,P067,2,3023.19,UPI
TXN00895,Store_Mumbai_01,POS_3,2025-02-13,P021,1,3713.02,UPI
TXN00896,Store_Bangalore_01,POS_8,2025-12-14,P060,3,2234.75,Cash
TXN00897,Store_Delhi_01,POS_7,2025-04-27,P033,3,2501.03,UPI
TXN00898,Store_Delhi_01,POS_8,2025-11-05,P027,3,1776.48,UPI
TXN00899,Store_Delhi_01,POS_4,2025-05-31,P042,3,950.0,Card
TXN00900,Store_Bangalore_01,POS_2,2025-04-10,P021,1,3713.02,Card
TXN00901,Store_Delhi_01,POS_4,2025-08-07,P078,5,4782.47,UPI
TXN00902,Store_Delhi_01,POS_3,2025-07-13,P074,3,69.43,UPI
TXN00903,Store_Bangalore_01,POS_3,2025-06-13,P094,1,4655.55,UPI
TXN00904,Store_Mumbai_01,POS_9,2025-11-26,P091,4,3019.07,Card
TXN00905,Store_Bangalore_01,POS_5,2025-05-11,P052,2,3064.99,Card
TXN00906,Store_Delhi_01,POS_3,2025-12-23,P003,1,2646.14,UPI
TXN00907,Store_Bangalore_01,POS_5,2025-05-20,P024,3,3221.64,Cash
TXN00908,Store_Mumbai_01,POS_7,2025-12-18,P039,4,1346.7,Cash
TXN00909,Store_Mumbai_01,POS_1,2025-01-29,P022,3,1521.38,Cash
TXN00910,Store_Bangalore_01,POS_3,2026-01-16,P055,2,4163.29,UPI
TXN00911,Store_Delhi_01,POS_9,2025-08-10,P031,5,719.35,Card
TXN00912,Store_Bangalore_01,POS_6,2025-10-19,P052,4,3064.99,UPI
TXN00913,Store_Delhi_01,POS_10,2025-01-28,P007,2,3307.46,Cash
TXN00914,Store_Delhi_01,POS_8,2025-08-19,P093,1,3440.84,UPI
TXN00915,Store_Delhi_01,POS_5,2025-04-21,P065,1,4723.72,Card
TXN00916,Store_Bangalore_01,POS_3,2025-02-25,P038,5,206.85,UPI
TXN00917,Store_Mumbai_01,POS_5,2025-10-18,P011,3,4386.11,Cash
TXN00918,Store_Bangalore_01,POS_1,2025-10-13,P021,1,3713.02,Cash
TXN00919,Store_Mumbai_01,POS_8,2026-01-06,P019,1,4981.71,Cash
TXN00920,Store_Mumbai_01,POS_5,2025-09-26,P038,2,206.85,Card
TXN00921,Store_Bangalore_01,POS_2,2025-05-15,P047,5,651.78,Card
TXN00922,Store_Bangalore_01,POS_9,2025-05-01,P068,3,1191.66,Cash
TXN00923,Store_Bangalore_01,POS_3,2025-12-25,P082,5,1844.68,Card
TXN00924,Store_Bangalore_01,POS_3,2025-02-13,P023,1,4944.22,Card
TXN00925,Store_Bangalore_01,POS_8,2025-03-07,P062,1,553.22,Card
TXN00926,Store_Mumbai_01,POS_8,2025-12-23,P076,2,4977.84,Card
TXN00927,Store_Bangalore_01,POS_7,2025-09-14,P099,5,3828.05,Cash
TXN00928,Store_Delhi_01,POS_10,2025-01-20,P085,2,2843.37,Card
TXN00929,Store_Bangalore_01,POS_2,2025-07-30,P028,1,594.93,UPI
TXN00930,Store_Bangalore_01,POS_8,2026-02-10,P059,4,1263.79,Card
TXN00931,Store_Mumbai_01,POS_2,2025-10-11,P082,1,1844.68,UPI
TXN00932,Store_Bangalore_01,POS_3,2025-07-31,P042,4,950.0,Card
TXN00933,Store_Delhi_01,POS_6,2025-06-18,P054,1,1902.47,Cash
TXN00934,Store_Delhi_01,POS_8,2025-02-11,P049,2,320.41,UPI
TXN00935,Store_Mumbai_01,POS_4,2025-06-10,P009,2,422.17,Card
TXN00936,Store_Delhi_01,POS_8,2025-02-16,P002,5,3751.96,UPI
TXN00937,Store_Delhi_01,POS_9,2025-12-28,P011,3,4386.11,Cash
TXN00938,Store_Bangalore_01,POS_4,2025-11-15,P086,2,4734.33,Cash
TXN00939,Store_Bangalore_01,POS_10,2025-11-04,P026,5,2909.28,Cash
TXN00940,Store_Delhi_01,POS_1,2026-01-16,P083,4,3011.96,UPI
TXN00941,Store_Delhi_01,POS_5,2025-10-09,P045,2,4088.84,Cash
TXN00942,Store_Bangalore_01,POS_4,2025-05-25,P085,5,2843.37,Card
TXN00943,Store_Mumbai_01,POS_9,2025-03-31,P009,5,422.17,Cash
TXN00944,Store_Bangalore_01,POS_1,2025-12-14,P038,5,206.85,Card
TXN00945,Store_Delhi_01,POS_2,2026-01-05,P093,4,3440.84,Cash
TXN00946,Store_Delhi_01,POS_1,2025-06-20,P021,3,3713.02,Card
TXN00947,Store_Bangalore_01,POS_5,2025-11-15,P087,1,1229.58,UPI
TXN00948,Store_Delhi_01,POS_10,2025-05-06,P086,5,4734.33,UPI
TXN00949,Store_Bangalore_01,POS_4,2025-12-06,P065,5,4723.72,Card
TXN00950,Store_Mumbai_01,POS_7,2026-01-27,P097,3,3377.26,Cash
TXN00951,Store_Delhi_01,POS_8,2025-09-03,P035,2,296.76,Cash
TXN00952,Store_Bangalore_01,POS_2,2026-01-13,P094,4,4655.55,Card
TXN00953,Store_Bangalore_01,POS_8,2025-05-15,P056,1,1771.35,Cash
TXN00954,Store_Mumbai_01,POS_2,2026-01-31,P092,2,1114.4,UPI
TXN00955,Store_Delhi_01,POS_4,2025-10-26,P018,2,2699.14,UPI
TXN00956,Store_Bangalore_01,POS_10,2025-11-04,P054,5,1902.47,Cash
TXN00957,Store_Bangalore_01,POS_10,2025-08-07,P046,2,1848.05,Cash
TXN00958,Store_Bangalore_01,POS_1,2025-01-07,P092,1,1114.4,UPI
TXN00959,Store_Mumbai_01,POS_4,2025-03-24,P027,1,1776.48,Card
TXN00960,Store_Mumbai_01,POS_6,2025-04-21,P039,4,1346.7,Cash
TXN00961,Store_Delhi_01,POS_6,2025-07-31,P007,2,3307.46,UPI
TXN00962,Store_Delhi_01,POS_9,2026-01-21,P072,5,2359.96,Cash
TXN00963,Store_Bangalore_01,POS_2,2025-05-03,P036,4,84.85,UPI
TXN00964,Store_Bangalore_01,POS_8,2025-05-23,P026,2,2909.28,Card
TXN00965,Store_Mumbai_01,POS_1,2025-02-13,P077,2,1671.32,UPI
TXN00966,Store_Mumbai_01,POS_7,2025-07-15,P003,1,2646.14,UPI
TXN00967,Store_Delhi_01,POS_2,2025-10-11,P095,5,1962.77,Cash
TXN00968,Store_Mumbai_01,POS_1,2025-05-04,P044,3,4945.34,UPI
TXN00969,Store_Delhi_01,POS_4,2025-05-25,P023,1,4944.22,UPI
TXN00970,Store_Bangalore_01,POS_1,2025-04-19,P012,2,3153.72,Cash
TXN00971,Store_Bangalore_01,POS_1,2025-06-22,P098,1,15.76,Cash
TXN00972,Store_Mumbai_01,POS_5,2025-10-07,P092,4,1114.4,Cash
TXN00973,Store_Delhi_01,POS_9,2025-03-13,P069,5,344.78,Cash
TXN00974,Store_Delhi_01,POS_2,2025-11-28,P020,5,2166.4,UPI
TXN00975,Store_Delhi_01,POS_5,2025-05-27,P018,5,2699.14,Cash
TXN00976,Store_Delhi_01,POS_6,2025-02-15,P064,3,4345.29,UPI
TXN00977,Store_Delhi_01,POS_6,2025-12-22,P092,4,1114.4,UPI
TXN00978,Store_Mumbai_01,POS_3,2025-08-04,P020,4,2166.4,Cash
TXN00979,Store_Bangalore_01,POS_7,2025-09-20,P016,3,1605.31,Card
TXN00980,Store_Mumbai_01,POS_5,2025-09-25,P055,5,4163.29,Card
TXN00981,Store_Mumbai_01,POS_1,2025-11-14,P018,2,2699.14,Card
TXN00982,Store_Delhi_01,POS_6,2025-06-09,P086,4,4734.33,Cash
TXN00983,Store_Delhi_01,POS_2,2025-03-27,P065,5,4723.72,UPI
TXN00984,Store_Mumbai_01,POS_1,2025-12-13,P052,3,3064.99,UPI
TXN00985,Store_Mumbai_01,POS_3,2025-05-26,P014,4,3884.14,Cash
TXN00986,Store_Delhi_01,POS_8,2025-07-05,P003,3,2646.14,Card
TXN00987,Store_Mumbai_01,POS_1,2025-12-17,P065,1,4723.72,Card
TXN00988,Store_Mumbai_01,POS_7,2025-02-14,P024,4,3221.64,Cash
TXN00989,Store_Bangalore_01,POS_2,2025-03-19,P039,1,1346.7,Cash
TXN00990,Store_Bangalore_01,POS_3,2025-02-17,P043,5,2697.77,Card
TXN00991,Store_Bangalore_01,POS_2,2026-02-02,P078,2,4782.47,UPI
TXN00992,Store_Bangalore_01,POS_4,2025-08-01,P033,1,2501.03,Card
TXN00993,Store_Delhi_01,POS_9,2025-09-21,P049,4,320.41,Cash
TXN00994,Store_Bangalore_01,POS_8,2025-11-30,P057,1,1646.77,Card
TXN00995,Store_Delhi_01,POS_8,2026-01-08,P015,3,4360.42,Cash
TXN00996,Store_Delhi_01,POS_4,2026-02-05,P076,3,4977.84,UPI
TXN00997,Store_Mumbai_01,POS_3,2025-01-12,P031,3,719.35,UPI
TXN00998,Store_Mumbai_01,POS_2,2025-01-18,P098,2,15.76,UPI
TXN00999,Store_Mumbai_01,POS_2,2026-01-12,P094,3,4655.55,Card
TXN01000,Store_Delhi_01,POS_4,2025-10-28,P098,3,15.76,UPI
